id,first_name,last_name,email,gender
1,Yelena,Jess,yjess0@zdnet.com,Genderfluid
2,Deane,Patnelli,dpatnelli1@canalblog.com,Male
3,Dixie,Kun,dkun2@histats.com,Female
4,Millie,Jest,mjest3@odnoklassniki.ru,Female
5,Valeda,Hannen,vhannen4@cbsnews.com,Female
6,Shepherd,Le land,sleland5@tripod.com,Male
7,Nathaniel,Carson,ncarson6@bloomberg.com,Male
8,Bobette,Hubbocks,bhubbocks7@reuters.com,Female
9,Wilfrid,Perutto,wperutto8@businessweek.com,Male
10,Fredric,Fardy,ffardy9@nymag.com,Male
11,Caldwell,Marthen,cmarthena@blinklist.com,Male
12,Willa,Goodlake,wgoodlakeb@squidoo.com,Bigender
13,Guenevere,Fortie,gfortiec@simplemachines.org,Female
14,Alameda,Jeeves,ajeevesd@oakley.com,Female
15,Marin,Hyndman,mhyndmane@google.pl,Female
16,Bernard,Drake,bdrakef@de.vu,Male
17,Babara,Dominiak,bdominiakg@i2i.jp,Female
18,De,Filgate,dfilgateh@unc.edu,Female
19,Gene,Fowls,gfowlsi@timesonline.co.uk,Male
20,Bertram,Gussie,bgussiej@bloomberg.com,Male
21,Marsiella,Juszkiewicz,mjuszkiewiczk@skyrock.com,Female
22,Brade,Axon,baxonl@cafepress.com,Male
23,Janot,Templeman,jtemplemanm@networkadvertising.org,Female
24,Dorri,Sapsed,dsapsedn@army.mil,Female
25,Arnaldo,Stoeckle,astoeckleo@unesco.org,Male
26,Brian,Derks,bderksp@prlog.org,Agender
27,Whitman,Kellet,wkelletq@360.cn,Male
28,Terri,Foulds,tfouldsr@gnu.org,Male
29,Dinny,Crat,dcrats@wikipedia.org,Female
30,Delora,Medwell,dmedwellt@comcast.net,Female
31,Lusa,Tomkys,ltomkysu@cnet.com,Female
32,Elna,Jorck,ejorckv@issuu.com,Female
33,Jordan,Acott,jacottw@icq.com,Agender
34,Marcella,Albasini,malbasinix@foxnews.com,Female
35,Ewell,Kelbie,ekelbiey@uiuc.edu,Male
36,Dominic,Fundell,dfundellz@linkedin.com,Male
37,Cami,Oliveras,coliveras10@msu.edu,Female
38,Valle,Baudino,vbaudino11@patch.com,Male
39,Rafaelia,Sebring,rsebring12@google.it,Female
40,Timothee,Rosgen,trosgen13@simplemachines.org,Male
41,Alley,Woollons,awoollons14@imdb.com,Male
42,Aaron,Arnison,aarnison15@army.mil,Male
43,Tristan,Chaise,tchaise16@bloglovin.com,Male
44,Arni,Godly,agodly17@gnu.org,Bigender
45,Brigham,Mazzilli,bmazzilli18@eepurl.com,Male
46,Worthy,Erangy,werangy19@admin.ch,Male
47,Jarrad,Gave,jgave1a@biblegateway.com,Male
48,Celeste,Idel,cidel1b@gmpg.org,Female
49,Georgie,Speir,gspeir1c@zdnet.com,Female
50,Ilysa,Shannon,ishannon1d@bloomberg.com,Female
